{
	"masterPicture": "assets/icon.PNG",
	"iconsPath": "/",
	"design": {
		"ios": {
			"pictureAspect": "backgroundAndMargin",
			"backgroundColor": "#ffffff",
			"margin": "14%",
			"assets": {
				"ios6AndPriorIcons": false,
				"ios7AndLaterIcons": false,
				"precomposedIcons": false,
				"declareOnlyDefaultIcon": true
			}
		},
		"desktopBrowser": {
			"design": "background",
			"backgroundColor": "#ffffff",
			"backgroundRadius": 0.3,
			"imageScale": 1
		},
		"windows": {
			"pictureAspect": "noChange",
			"backgroundColor": "#00aba9",
			"onConflict": "override",
			"assets": {
				"windows80Ie10Tile": false,
				"windows10Ie11EdgeTiles": {
					"small": false,
					"medium": true,
					"big": false,
					"rectangle": false
				}
			}
		},
		"androidChrome": {
			"pictureAspect": "shadow",
			"themeColor": "#ffffff",
			"manifest": {
				"name": "stefanleun",
				"display": "standalone",
				"orientation": "notSet",
				"onConflict": "override",
				"declared": true
			},
			"assets": {
				"legacyIcon": false,
				"lowResolutionIcons": false
			}
		},
		"safariPinnedTab": {
			"pictureAspect": "blackAndWhite",
			"threshold": 68.75,
			"themeColor": "#5bbad5"
		}
	},
	"settings": {
		"scalingAlgorithm": "Mitchell",
		"errorOnImageTooSmall": false,
		"readmeFile": true,
		"htmlCodeFile": true,
		"usePathAsIs": false
	}
}